date,cat1,words1,cat2,words2,cat3,words3,cat4,words4
2026-09-17,BAR STRAINERS,"CHINOIS, FINE, HAWTHORNE, JULEP",CARBONATED COCKTAIL FAMILIES,"BUCK, COLLINS, FIZZ, RICKEY",ORANGE LIQUEURS,"COINTREAU, CURACAO, GRAND MARNIER, TRIPLE SEC",MARTINI MODIFIERS,"DIRTY, DRY, PERFECT, WET"
2026-09-18,ANISE-FLAVORED SPIRITS,"ABSINTHE, OUZO, PASTIS, SAMBUCA",COCKTAIL ICE FORMATS,"CRACKED, CRUSHED, PEBBLE, SPHERE",PREPARATION TECHNIQUES,"BUILD, MUDDLE, SHAKE, STIR",CLASSIC COCKTAILS NAMED AFTER US LOCATIONS,"ALASKA, BRONX, BROOKLYN, MANHATTAN"
2026-09-19,CLASSIC COCKTAILS WITH CHARTREUSE,"BIJOU, CHAMPS-ELYSEES, LAST WORD, TIPPERARY",CLASSIC COCKTAILS WITH MARASCHINO,"AVIATION, CASINO, MARTINEZ, MARY PICKFORD",STEMMED COCKTAIL GLASSWARE,"COUPE, FLUTE, GOBLET, NICK & NORA",BAR DISPENSING TOOLS,"ATOMIZER, DROPPER, JIGGER, POURER"
2026-09-20,ALTERNATIVE BAR AGITATION METHODS,"CHURN, ROLL, SWIZZLE, THROW",WORDS PRECEDING 'SOUR',"AMARETTO, BOSTON, NEW YORK, PISCO",QUINQUINAS AND APERITIF WINES,"BYRRH, COCCHI AMERICANO, DUBONNET, LILLET",MEXICAN AGAVE SPIRITS,"BACANORA, MEZCAL, RAICILLA, TEQUILA"
2026-09-21,LONDON DRY GIN BOTANICALS,"ANGELICA, CORIANDER, JUNIPER, ORRIS",HISTORIC COCKTAIL BOOK AUTHORS,"BAKER, CRADDOCK, EMBURY, THOMAS",CLARIFICATION AGENTS AND TOOLS,"AGAR, CENTRIFUGE, GELATIN, MILK",PROTECTED FRENCH SPIRIT REGIONS,"ARMAGNAC, CALVADOS, COGNAC, MARC"
2026-09-22,ACIDS USED IN COCKTAIL BALANCING,"ASCORBIC, CITRIC, MALIC, TARTARIC",NEW ORLEANS BORN CLASSICS,"HURRICANE, RAMOS GIN FIZZ, SAZERAC, VIEUX CARRE",HISTORIC BAR SYRUPS AND CORDIALS,"FALERNUM, GRENADINE, ORGEAT, SHRUB",COCKTAILS DEFINED BY A COATED RIM,"BRANDY CRUSTA, LEMON DROP, MARGARITA, SALTY DOG"
2026-09-23,SPECIALIST HERBAL AND BOTANICAL MODIFIERS,"CYNAR, NOCINO, RABARBARO, SUZE",SAVOY CLASSICS FEATURING APRICOT LIQUEUR,"CHARLIE CHAPLIN, MILLION DOLLAR, PARADISE, VALENCIA",PROTECTED SUGARCANE SPIRITS,"CACHACA, CHARANDA, CLAIRIN, RHUM AGRICOLE",ITALIAN COCKTAILS NAMED AFTER ARTISTS,"BELLINI, CARUSO, PUCCINI, ROSSINI"
2026-09-24,CULINARY MIXOLOGY TEXTURIZERS,"ALBUMEN, AQUAFABA, LECITHIN, XANTHAN",CONTEMPORARY EXTRACTION TECHNIQUES,"FAT WASH, NITRO-MUDDLE, RAPID INFUSION, SOUS-VIDE",BAR VERBS FOR FINISHING A DRINK,"DASH, EXPRESS, FLOAT, RINSE",CANONICAL CAMPARI COCKTAILS,"AMERICANO, BOULEVARDIER, GARIBALDI, NEGRONI"
2026-09-25,REGIONAL WHISKEY STYLES,"CANADIAN, IRISH, JAPANESE, SCOTCH",POLYNESIAN TIKI CLASSICS,"FOG CUTTER, MAI TAI, SCORPION, ZOMBIE",CITRUS PEEL AND FRUIT GARNISH CUTS,"COIN, TWIST, WEDGE, WHEEL",BITTERS FLAVOR PROFILES,"AROMATIC, CELERY, CHOCOLATE, ORANGE"
2026-09-26,19TH-CENTURY COCKTAIL FAMILIES,"COBBLER, FIX, FLIP, SMASH",ICE PROCESSING TOOLS,"CHISEL, MALLET, PICK, TONGS",NATURAL COCKTAIL SWEETENERS,"AGAVE, HONEY, MAPLE, MOLASSES",COFFEE-FORWARD COCKTAILS,"BLACK RUSSIAN, ESPRESSO MARTINI, REVOLVER, WHITE RUSSIAN"
2026-09-27,SAVORY AND VEGETABLE COCKTAILS,"BLOODY CAESAR, BLOODY MARY, GIBSON, MICHELADA",CULINARY HERBS IN COCKTAILS,"BASIL, ROSEMARY, SAGE, THYME",BAR POUR PRICING TIERS,"CALL, PREMIUM, TOP-SHELF, WELL",COCKTAILS NAMED AFTER ANIMALS,"BEE'S KNEES, BULL SHOT, GREYHOUND, PINK SQUIRREL"
2026-09-28,JIGGER STYLES,"BELL, JAPANESE, STEPPED, THIMBLE",NAMES PRECEDING 'COLLINS',"JOHN, PIERRE, RON, TOM",SHERRY-BASED CLASSIC COCKTAILS,"ADONIS, BAMBOO, CORONATION, REBUJITO",ITALIAN APERITIVI AND BOTANICAL LIQUEURS,"APEROL, ITALICUS, SELECT, STREGA"
2026-09-29,WOMEN PIONEERS IN SPIRITS AND BARS,"COLEMAN, SAMUELS, SAUNDERS, SPENCE",CHAMPAGNE-TOPPED CLASSIC COCKTAILS,"AIRMAIL, DEATH IN THE AFTERNOON, OLD CUBAN, SEELBACH",BARREL AGING CHEMICAL PROCESSES,"CHARRING, CONCENTRATION, EXTRACTION, OXIDATION",COCKTAILS NAMED AFTER MILITARY OR NAVAL RANKS,"ADMIRAL, COMMODORE, DEPTH BOMB, GIMLET"
2026-09-30,HISTORIC TIKI SYRUPS AND ACCENTS,"DON'S MIX, FASSIONOLA, HERBSAINT, PIMENTO DRAM",COCKTAIL MOUTHFEEL SENSORY ATTRIBUTES,"ASTRINGENCY, BODY, HEAT, VISCOSITY",SAN FRANCISCO BORN COCKTAILS,"BOOTHBY, CABLE CAR, PISCO PUNCH, TOMMY'S MARGARITA",PHYSICAL BAR WELL FIXTURES,"DRAIN BOARD, ICE BIN, SPEED RAIL, TICKET RAIL"
2026-10-01,SPIRITS DISTILLATION APPARATUS TYPES,"COFFEY, COLUMN, HYBRID, POT",LIQUEUR BOTANICAL EXTRACTION PROCESSES,"DISTILLATION, INFUSION, MACERATION, PERCOLATION",AMERICAN APPLEJACK CLASSICS,"APPLE CAR, JACK ROSE, STAR COCKTAIL, WIDOW'S KISS",PROHIBITION PROTEST AND BORDER COCKTAILS,"SCOFFLAW, SOUTHSIDE, THREE MILE LIMIT, TWELVE MILE LIMIT"
2026-10-02,CHEMICAL COMPOUNDS IN SPIRITS SENSORY SCIENCE,"CONGENERS, ESTERS, FURFURAL, PHENOLS",HISTORIC TAVERN SPIRIT MEASURES,"DRAM, GILL, NIP, PONY",HISTORIC EGG AND DAIRY FORTIFIED DRINKS,"EGG NOG, POSSET, SYLLABUB, TOM AND JERRY",DON THE BEACHCOMBER ORIGINAL CREATIONS,"COBRA'S FANG, NAVY GROG, TEST PILOT, THREE DOTS AND A DASH"
2026-10-03,CLEAR REGIONAL EUROPEAN SPIRITS,"AQUAVIT, GENEVER, GRAPPA, POITIN",ESSENTIAL COCKTAIL GARNISH STAPLES,"CHERRY, MINT, OLIVE, ONION",ANATOMICAL PARTS OF A CITRUS FRUIT,"JUICE, PITH, PULP, ZEST",SOUR COCKTAILS WITH COLORS IN THEIR NAMES,"BLUE HAWAII, GOLD RUSH, PINK LADY, WHITE LADY"
2026-10-04,DISCO-ERA COCKTAIL REVIVALS,"BLUE LAGOON, HARVEY WALLBANGER, MIDORI SOUR, TEQUILA SUNRISE",FRESH CITRUS JUICES IN BARTENDING,"GRAPEFRUIT, LEMON, LIME, YUZU",ESSENTIAL BOTTLE-OPENING TOOLS,"BAR BLADE, CHURCHKEY, POUR SPOUT, WINE KEY",CLASSIC COCKTAILS NAMED AFTER LUXURY HOTELS,"HOTEL NACIONAL, RAFFLES, RITZ, WALDORF"
2026-10-05,COCKTAILS NAMED AFTER WORKBENCH TOOLS,"ICE PICK, MONKEY WRENCH, RUSTY NAIL, SCREWDRIVER",CITRUS PROCESSING HAND TOOLS,"CHANNEL KNIFE, CITRUS REAMER, ELBOW PRESS, Y-PEELER",HISTORIC SCOTCH WHISKY CLASSICS,"BLOOD AND SAND, CAMERON'S KICK, GODFATHER, MORNING GLORY FIZZ",CHERRY-DERIVED LIQUEURS AND SPIRITS,"CHERRY HEERING, GUIGNOLET, KIRSCH, MARASKA"
2026-10-06,TRADITIONAL BEER AND CIDER COMBINATIONS,"BLACK VELVET, BOILERMAKER, SHANDY, SNAKEBITE",WORDS PRECEDING 'CUP' IN BRITISH SUMMER PUNCHES,"CHAMPAGNE, CLARET, FRUIT, PIMM'S",FRENCH CREME LIQUEUR FLAVORS,"CASSIS, MENTHE, NOYAUX, VIOLETTE",COCKTAIL GARNISH PICKS AND STIRRERS,"FLAG, KNOT PICK, PARASOL, SWIZZLE STICK"
2026-10-07,BITTER BOTANICAL BARKS USED IN APERITIFS,"CASCARILLA, CINCHONA, QUASSIA, SASSAFRAS",CLEAR ICE FORMATS CARVED BY HAND,"CHIP, DIAMOND, PRISM, SPEAR",CLASSIC COCKTAILS NAMED AFTER GEMSTONES,"EMERALD, OPAL, RUBY, SAPPHIRE",CONTINENTAL EUROPEAN ORCHARD EAUX-DE-VIE,"MIRABELLE, OBSTLER, POIRE WILLIAMS, SLIVOVITZ"
2026-10-08,BAR MANAGEMENT AND INVENTORY METRICS,"DEADSTOCK, OVERPOUR, PAR, YIELD",CONTEMPORARY MOLECULAR PREPARATION TECHNIQUES,"CAVITATION, CLARIFICATION, HOMOGENIZATION, SPHERIFICATION",MODERN CLASSICS BUILT ON EQUAL FOURTHS,"FINAL WARD, NAKED AND FAMOUS, PAPER PLANE, WATER LILY",PROHIBITION SLANG FOR ILLICIT LIQUOR,"GIGGLE WATER, HOOCH, MOONSHINE, ROTGUT"
2026-10-09,MEXICAN REGULATORY TEQUILA AGING TIERS,"ANEJO, BLANCO, EXTRA ANEJO, REPOSADO",CLASSIC CUBAN CANTINERO COCKTAILS,"EL PRESIDENTE, HAVANA SPECIAL, PERIODISTA, SANTIAGO",BOTANICAL SOURCES OF ANETHOLE IN PASTIS,"BADIANE, FENNEL, GREEN ANISE, LICORICE",HISTORIC COCKTAILS NAMED AFTER OCCUPATIONS,"DIPLOMAT, DOCTOR, JOURNALIST, PROFESSOR"
2026-10-10,SPIRITS BARREL MATURATION AND LOSS TERMS,"ANGEL'S SHARE, DEVIL'S CUT, DUNNAGE, ULLAGE",SUPERNATURAL COCKTAILS IN THE SAVOY BOOK,"ANGEL'S FACE, DEVIL'S COCKTAIL, SATAN'S WHISKERS, SOUL KISS",TRADITIONAL SUB-OUNCE RECIPE VOLUME MEASURES,"DROP, MINIM, SPLASH, TEASPOON",HISTORIC PRE-WAR BARS WITH SIGNATURE COCKTAILS,"FLORIDITA, HARRY'S, MONTELEONE, SLOPPY JOE'S"
2026-10-11,HISTORIC JERRY THOMAS DRINK ARCHETYPES,"PUNCH, SANGAREE, SLING, TODDY",LEGENDARY COCKTAIL BITTERS MAKERS,"ANGOSTURA, BOKER'S, FEE BROTHERS, PEYCHAUD'S",UNREFINED CANE SUGARS IN MIXOLOGY,"CANE, DEMERARA, MUSCOVADO, TURBINADO",COCKTAILS WITH 'FRENCH' IN THE NAME,"FRENCH BLONDE, FRENCH CONNECTION, FRENCH MAID, FRENCH MARTINI"
2026-10-12,HAWTHORNE STRAINER COMPONENTS,"BODY, HANDLE, PRONGS, SPRING",ESSENTIAL SPICES IN MULLED DRINKS,"CINNAMON, CLOVE, NUTMEG, STAR ANISE",COCKTAILS NAMED FOR TRANSPORT MILESTONES,"COSMONAUT, MOONWALK, SATURN, TWENTIETH CENTURY",MODERN CLASSICS WITH BERRY SYRUPS,"BRAMBLE, CLOVER CLUB, KNICKERBOCKER, WOO WOO"
2026-10-13,TEMPERANCE AND MOCKTAIL CLASSICS,"ARNOLD PALMER, CINDERELLA, ROY ROGERS, SHIRLEY TEMPLE",COCKTAILS NAMED AFTER AMERICAN OLD WEST FIGURES,"ANNIE OAKLEY, BUFFALO BILL, BUTCH CASSIDY, WILD BILL",CLASSIC COCKTAILS DEFINED BY BENEDICTINE,"B&B, FRISCO SOUR, GYPSY QUEEN, MONTE CARLO",COCKTAILS FEATURING BREWED OR INFUSED TEA,"CHAI TODDY, EARL GREY MARTEANI, GREEN TEA SHOT, MATCHA HIGHBALL"
2026-10-14,JAPANESE ICE CARVING HAND PICKS,"ANVIL, AWL, NEEDLE, TRIDENT",COCKTAILS NAMED AFTER NAUTICAL HAZARDS,"BERMUDA TRIANGLE, GULF STREAM, MAELSTROM, SHIPWRECK",BITTER BOTANICAL ROOTS AND HERBS,"BURDOCK, DANDELION, GENTIAN, WORMWOOD",CANONICAL WHOLE-EGG FLIPS,"BRANDY FLIP, PORTO FLIP, RUM FLIP, SHERRY FLIP"
2026-10-15,GEOGRAPHIES OF PROTECTED ANISE SPIRITS,"BORDEAUX, CHIOS, MARSEILLE, PONTARLIER",COCKTAILS NAMED AFTER HISTORIC BATTLES,"BUNKER HILL, GETTYSBURG, TIPPECANOE, WATERLOO",PRESSURIZED GASES IN MODERN MIXOLOGY,"ARGON, CARBON DIOXIDE, LIQUID NITROGEN, NITROUS OXIDE",FRENCH FORTIFIED QUINQUINA APERITIFS,"BONAL, CAP CORSE, MAURIN QUINA, ST. RAPHAEL"
2026-10-16,TRADITIONAL SPIRITS MATURATION CASKS,"BARREL, BUTT, HOGSHEAD, PUNCHEON",SAVOY COCKTAILS NAMED AFTER FOLK FIGURES,"FOXY GRANDPA, HUCKLEBERRY FINN, RIP VAN WINKLE, UNCLE TOBY",TRADITIONAL SPIRIT CHASERS AND BACKS,"BEER BACK, PICKLEBACK, SANGUITA, VERDITA",FOUNDATIONAL ROOTS IN AMARO PRODUCTION,"CALAMUS, COLOMBO, RHATANY, ZEDOARY"
2026-10-17,COGNAC AOC LEGAL PRODUCTION CRITERIA,"CHARENTAIS, FOLLE BLANCHE, LIMOUSIN, UGNI BLANC",HUGO ENSSLIN 1916 CANONICAL CREATIONS,"ALEXANDER, BLUE MOON, DERBY, LONE TREE",COCKTAILS CONTAINING PRECIOUS METALS,"GOLDEN CADILLAC, GOLDEN DREAM, PLATINUM BLONDE, SILVER FIZZ",INSTRUMENTS OF CONTEMPORARY COCKTAIL LABS,"REFRACTOMETER, ROTOVAP, SONICATOR, SPINZALL"
2026-10-18,HISTORIC RED BOTANICAL COLORING AGENTS,"ALKANET, CARMINE, COCHINEAL, RED SANDALWOOD",COCKTAILS NAMED AFTER EUROPEAN MONARCHS,"KING ALFONSO, PRINCE EDWARD, PRINCE OF WALES, QUEEN'S DUBONNET",THERMODYNAMICS OF COCKTAIL SHAKING,"EQUILIBRIUM, LATENT HEAT, OVERCHILL, VOID FRACTION",HARRY JOHNSON 1882 MANUAL MASTERPIECES,"CHRYSANTHEMUM, METROPOLITAN, MORNING COCKTAIL, TURF COCKTAIL"
2026-10-19,MUDDLED FRESH PRODUCE IN CRAFT SOURS,"BLACKBERRY, CUCUMBER, RASPBERRY, STRAWBERRY",SIGNATURE CARIBBEAN ISLAND COCKTAILS,"BERMUDA SWIZZLE, DAIQUIRI, PINA COLADA, TI' PUNCH",COFFEE BASES USED IN CONTEMPORARY COCKTAILS,"COLD BREW, DRIP, ESPRESSO, NITRO",PARTS OF A WINE BOTTLE IN BAR SERVICE,"CORK, FOIL, LIP, PUNT"
2026-10-20,STRUCTURAL ANATOMY OF COCKTAIL STEMWARE,"BOWL, FOOT, RIM, STEM",COCKTAILS WITH 'BIRD' IN THE NAME,"BLACKBIRD, BLUE BIRD, JUNGLE BIRD, YELLOW BIRD",RETRO SHOOTER SCHNAPPS AND LIQUEURS,"BUTTERSHOTS, GOLDSCHLAGER, PEPPERMINT, SOUR APPLE",BOTANICAL PROFILE OF BIANCO VERMOUTH,"CHAMOMILE, ELDERFLOWER, LEMON VERBENA, VANILLA"
2026-10-21,PEGU CLUB MODERN CLASSICS BY AUDREY SAUNDERS,"DREAMY DOROTHY, FRENCH PEARL, GIN-GIN MULE, LITTLE ITALY",COCKTAILS CONTAINING 'PEARL' IN THE TITLE,"BLACK PEARL, MOTHER OF PEARL, SOUTH SEA PEARL, TAHITIAN PEARL",HERBAL AMARI INDIGENOUS TO SICILY,"AMARA, AVERNA, DELL'ETNA, LUMIA",NAMED HISTORIC VARIATIONS ON THE WHISKEY SOUR,"CONTINENTAL, GREENWICH, STONE, TRINIDAD"
2026-10-22,INFLUENTIAL LONDON COCKTAIL REVIVAL BARS,"BAR TERMINI, CONNAUGHT BAR, HAPPINESS FORGETS, NIGHTJAR",CLASSIC COCKTAILS NAMED FOR NEW YORK LOCALES,"HARLEM, PARK AVENUE, QUEENS, SARATOGA",MEDITERRANEAN DISTILLED ANISE SPIRITS,"ARAK, MASTIHA, RAKI, TSIPOURO",CLASSIC HIGHBALLS FEATURING CRANBERRY JUICE,"BAY BREEZE, CAPE CODDER, MADRAS, SEA BREEZE"
2026-10-23,OVERPROOF RUMS FAMOUS IN TIKI FLOATS,"HAMILTON, LEMON HART, PLANTATION, WRAY & NEPHEW",GILDED AGE COCKTAILS NAMED FOR THEATRE STARS,"BERNHARDT, LANGTRY, NORDICA, RUSSELL",PHYSICAL COLLOIDAL INSTABILITIES IN DRINKS,"COAGULATION, FLOCCULATION, LOUCHING, SYNERESIS",CULTURAL SOUTH AMERICAN APERITIF HIGHBALLS,"CHILCANO, FERNET CON COCA, PISCOLA, TERREMOTO"
2026-10-24,SCIENTIFIC COMPONENTS OF CITRUS OLEO-SACCHARUM,"ESSENTIAL OIL, FLAVEDO, OSMOSIS, SUCROSE",LEGENDARY HISTORIC NEW YORK HOTEL BARS,"BEMELMANS, KING COLE, OAK ROOM, RAINBOW ROOM",HISTORIC MIXED DRINKS LENGTHENED WITH HARD CIDER,"BLACK ADDER, POOR MAN'S, STONE FENCE, WASSAIL",COCKTAILS CONTAINING 'DEVIL' OR 'SATAN',"EL DIABLO, GREEN DEVIL, RED DEVIL, SATAN'S CIRCUS"
2026-10-25,STATUTORY CRITERIA FOR EU LONDON DRY GIN,"AGRICULTURAL ETHANOL, BOTANICAL REDISTILLATION, NO ARTIFICIAL FLAVOR, POINT-ONE GRAM SUGAR",ORIGINALS FROM THE 1937 CAFE ROYAL COCKTAIL BOOK,"GREEN LADY, MATADOR, PICADOR, RED LION",NINETEENTH-CENTURY US PRESIDENTIAL COCKTAILS,"CLEVELAND, HARDING, MCKINLEY'S DELIGHT, ROOSEVELT",VOLATILE MOLECULES CAUSING SPIRITS DEFECTS,"ACETALDEHYDE, DIACETYL, DIMETHYL SULFIDE, TRICHLOROANISOLE"
2026-10-26,HISTORIC ANIMAL SECRETIONS USED IN CORDIALS,"AMBERGRIS, CASTOREUM, CIVET, ISINGLASS",HISTORIC COCKTAILS FORMULATED WITH GENEVER,"DUTCH TULIP, HOLLAND GIN COCKTAIL, HOLLAND HOUSE, RED LIGHT DISTRICT",PHYSICAL LAWS OF COCKTAIL EFFERVESCENCE,"DISSOLUTION, ENUCLEATION, HEAD RETENTION, HENRY'S LAW",CLASSICS FROM CHARLES H. BAKER JR.'S 1939 BOOK,"COLONIAL COOLER, PAN AMERICAN CLIPPER, REMEMBER THE MAINE, TANGIER COCKTAIL"
2026-10-27,PUNGENT SPICES IN COCKTAIL SYRUPS,"ALLSPICE, CARDAMOM, GINGER, PEPPERCORN",CINEMATIC AND LITERARY IBA COCKTAILS,"BARRACUDA, BETWEEN THE SHEETS, CASINO ROYALE, VESPER",BAR ICE STATION HARDWARE,"CRUSHER, FLAKER, MOLD, SCOOP",TROPICAL FRUIT PUREES IN COCKTAILS,"GUAVA, MANGO, PASSION FRUIT, PEACH"
2026-10-28,LAYERED NOVELTY RETRO SHOOTERS,"B-52, BABY GUINNESS, BUTTERY NIPPLE, SLIPPERY NIPPLE",CULINARY ACIDIFIERS USED IN PLACE OF CITRUS,"CALAMANSI, GREEN APPLE, SUMAC, VERJUS",SPECIALTY SEASONING POWDERS FOR GLASS RIMS,"CELERY SALT, CHILI POWDER, CINNAMON SUGAR, TAJIN",EUROPEAN LOW-ABV WINE AND APERITIVO SPRITZES,"BICICLETTA, MI-TO, SBAGLIATO, TINTO DE VERANO"
2026-10-29,COCKTAILS NAMED FOR MEDICAL RESTORATIVES,"ANTIDOTE, PANACEA, PLACEBO, REMEDY",ICONIC CARIBBEAN RESORT SPECIALTY COCKTAILS,"BAHAMA MAMA, BUSHWACKER, GOOMBAY SMASH, PAINKILLER",SUGARCANE AND MOLASSES DISTILLATION FEEDSTOCKS,"BLACKSTRAP, CANE JUICE, FANCY, HIGH TEST",HISTORIC COCKTAILS NAMED AFTER MUSICAL FORMS,"BOLERO, RHAPSODY, SERENADE, SYMPHONY"
2026-10-30,NINETIES '-TINI' CRAZE COCKTAILS,"APPLETINI, CHOCOLATINI, FLIRTINI, SAKETINI",TRADITIONAL JAPANESE CRAFT SPIRITS,"AWAMORI, SHOCHU, UMESHU, YUZUSHU",COMMERCIAL SPEED POUR SPOUT DESIGNS,"FREE FLOW, MEASURED, SCREENED, TAPERED",CREAMY AFTER-DINNER CREME DE CACAO CLASSICS,"ANGEL'S TIP, BRANDY ALEXANDER, GRASSHOPPER, PANAMA"
2026-10-31,COCKTAILS NAMED AFTER SUPERNATURAL CREATURES,"BANSHEE, FRANKENSTEIN, NECROMANCER, VAMPIRE",CULINARY INGREDIENTS YIELDING JET-BLACK COLOR,"ACTIVATED CHARCOAL, BLACK SESAME, CUTTLEFISH INK, SQUID INK",SMOKY LIGNIN-DERIVED PHENOLS IN ISLAY PEAT,"CRESOL, EUGENOL, GUAIACOL, SYRINGOL",CEMETERY AND SKELETON THEMED COCKTAILS,"BONE CRUSHER, GRAVEDIGGER, SKELETON KEY, TOMBSTONE"
2026-11-01,PHYSICAL STATION DUTIES OF THE OPENING BARTENDER,"BATCHING, BURNING, GARNISHING, STOCKING",ALTERNATIVE WOODS FOR SPIRITS MATURATION,"ACACIA, CHESTNUT, MIZUNARA, ROBLE",ICONIC SPARKLING MINERAL WATERS IN MIXOLOGY,"APOLLINARIS, PERRIER, SAN PELLEGRINO, VICHY",HISTORIC RANCH AND TEXAS-INFLUENCED HIGHBALLS,"EL CAMINO, MEXICAN MARTINI, RANCH WATER, TEXAS TWO-STEP"
2026-11-02,CULTIVATED AND WILD MEZCAL AGAVE SPECIES,"ARROQUENO, ESPADIN, TEPEZTATE, TOBALA",NINETEENTH-CENTURY MORNING RESTORATIVE CLASSIFICATIONS,"BRACER, EYE OPENER, PICK-ME-UP, PRAIRIE OYSTER",BIOCHEMICAL CLARIFICATION AND FINING AGENTS,"AMYLASE, CHITOSAN, KIESELSOL, PECTINEX",SAVOY 1930 COCKTAILS HIGHLIGHTING CALVADOS,"BENTLEY, BLENHEIM, GREEN DRAGON, HAVOC"
2026-11-03,NORTHERN EUROPEAN CARAWAY-DISTILLED SPIRITS,"ALLASCH, BRENNIVIN, KUMMEL, LINIE",HISTORIC CLASSICS EMPHASIZING KUMMEL LIQUEUR,"ALLIES, DEUTSCHER, POLAR BEAR, SILVER BULLET",FOUR CORE STAGES OF WHISKY MALTING,"GERMINATION, KILNING, MILLING, STEEPING",HISTORIC AMERICAN WOMEN SALOON PROPRIETORS,"BELLE CORA, LOTTIE DENO, MOTHER GODDARD, TEXAS GUINAN"
2026-11-04,DISTINCT STYLES OF GIN,"CONTEMPORARY, NAVY STRENGTH, OLD TOM, SLOE",COCKTAILS SERVED ON CRUSHED ICE WITH MINT,"MISSIONARY'S DOWNFALL, PORT COBBLER, QUEEN'S PARK SWIZZLE, SHERRY COBBLER",ANATOMICAL PARTS OF A JAPANESE BAR SPOON,"FLAT BASE, FORK TIP, SPIRAL STEM, TEARDROP TIP",COCKTAILS NAMED AFTER WATERCRAFT,"CLIPPER, FERRY, SCHOONER, YACHT CLUB"
2026-11-05,COFFEE AND NUT DESSERT MODIFIER LIQUEURS,"BAILEYS, FRANGELICO, KAHLUA, TIA MARIA",FOUNDATIONAL FORTIFIED WINES IN MIXOLOGY,"MADEIRA, MARSALA, PORT, SHERRY",TRADITIONAL NON-GLASS DRINKING VESSELS,"CANTARITO, CERAMIC MUG, COCONUT SHELL, PORCELAIN BOWL",HISTORIC COCKTAILS NAMED AFTER FLOWERS,"CARNATION, ORCHID, ROSE, VIOLET"
2026-11-06,CELEBRATED SPARKLING WINE COCKTAILS,"BARBOTAGE, HUGO, MIMOSA, POINSETTIA",HISTORIC CREATIONS FROM BUCK'S CLUB LONDON,"BUCK'S FIZZ, BULLINGDON, CUCKOO, PANTHER",INDIGENOUS ANDEAN HERBS USED IN SPIRITS,"BOLDO, COCA LEAF, HUACATAY, MUNA",HISTORIC COCKTAILS NAMED FOR WEAPONS,"BAYONET, BLUDGEON, STILETTO, TOMAHAWK"
2026-11-07,TWENTY-FIRST CENTURY ARTISANAL BITTERS MAKERS,"BITTER TRUTH, BITTERMENS, BOB'S BITTERS, SCRAPPY'S",CLASSIC COCKTAILS HIGHLIGHTING SWEDISH PUNSCH,"DIKI-DIKI, GLOOM RAISER, MALECON, RED CROSS",HISTORIC NATURAL SOURCES AND STATES OF ICE,"BLOCK, DRY, LAKE, POND",HISTORIC COCKTAILS WITH 'CROSS' IN THE TITLE,"BLUE CROSS, DOUBLE CROSS, IRON CROSS, SOUTHERN CROSS"
2026-11-08,TIMBERS EMPLOYED IN JAPANESE BARREL COOPERAGE,"CEDAR, CYPRESS, PINE, SAKURA",COCKTAILS COMMEMORATING MARITIME EXPLORERS,"AMUNDSEN, COLUMBUS, COOK, MAGELLAN",SCIENTIFIC INSTRUMENTS MEASURING SPIRIT PROOF,"ALCOHOLMETER, EBULLIOMETER, HYDROMETER, PYCNOMETER",HISTORIC ELIXIRS CREATED BY MONASTIC ORDERS,"BENEDICTINE, CARMELITE WATER, CHARTREUSE, TRAPPISTINE"
2026-11-09,COMMERCIAL DRAFT COCKTAIL SYSTEM HARDWARE,"COUPLER, FAUCET, REGULATOR, SHANK",LANDMARK CREATIONS IN BOOTHBY'S 1908 MANUAL,"HOP TOAD, KLONDIKE, PALACE HOTEL, TAMALPAIS",MONOMERIC AND DIMERIC SUGARS IN BAR SYRUPS,"DEXTROSE, FRUCTOSE, GLUCOSE, SUCROSE",CANONICAL CLASSIC COCKTAILS FEATURING 'GOLD',"GOLD MEDAL, GOLDEN DAWN, GOLDEN FIZZ, GOLDEN SLIPPER"
2026-11-10,JAMAICAN POT STILL RUM GI PROCESS PILLARS,"DUNDER, ESTER COUNT, MUCK, RETORT",HISTORICSaloonECCLESIASTICAL CLERGY CUPS,"ARCHBISHOP, BISHOP, CARDINAL, POPE",CELEBRATED CREME DE BANANE CRAFT COCKTAILS,"BANANA BLISS, DIRTY BANANA, NAKED APE, YELLOW SUBMARINE",ROTOVAP VACUUM DISTILLATION CONTROL VARIABLES,"BATH TEMPERATURE, CHILLER COIL, ROTATION RPM, VACUUM TORR"
2026-11-11,BOTANICALS PROVIDING NATURAL GREEN IN ABSINTHE,"HYSSOP, MELISSA, PETITE ABSINTHE, VERONICA",SAVOY 1930 COCKTAILS NAMED FOR HISTORIC WOMEN,"BETSY ROSS, MARJORIE, PEGGY WOOD, SUZETTE",HISTORIC FORTIFIED-WINE FORWARD REVERSE COCKTAILS,"METROPOLE, PHOEBE SNOW, REVERSE MANHATTAN, VERMOUTH COCKTAIL",PHYSICAL PRINCIPLES OF ARTISANAL CLEAR ICE,"DIRECTIONAL FREEZING, INSULATED COOLER, NUCLEATION CONTROL, THERMAL GRADIENT"
2026-11-12,PROMINENT LATE TWENTIETH-CENTURY POP COCKTAILS,"COSMOPOLITAN, MUDSLIDE, ORGASM, SEX ON THE BEACH",CEREAL GRAINS USED IN WHISKEY DISTILLATION,"BARLEY, CORN, OATS, WHEAT",ARTISANAL RIM SALTS USED ON BAR STATIONS,"BLACK LAVA, FLAKE, KOSHER, SMOKED",HISTORIC COCKTAILS NAMED FOR RACING ICONS,"BELMONT, JOCKEY CLUB, MAN O' WAR, PREAKNESS"
2026-11-13,DAIRY INGREDIENTS EMPLOYED FOR DRINK TEXTURE,"BUTTER, CONDENSED MILK, HEAVY CREAM, YOGURT",CLASSIC HIGHBALLS LENGTHENED WITH GINGER ALE,"HORSE'S NECK, MAMIE TAYLOR, PRESBYTERIAN, SHANGHAI BUCK",DISTINCTIVE CRAFT ICE SHAPES AND PREPARATIONS,"KING CUBE, NUGGET, SHAVED, WAFER",COCKTAILS NAMED AFTER SHAKESPEAREAN CHARACTERS,"HAMLET, MACBETH, OPHELIA, ROMEO"
2026-11-14,HISTORIC COCKTAILS CENTERING ON DUBONNET,"ARNAUD, DUBONNET FIZZ, NAPOLEON, OPERA",SAVOY COCKTAILS NAMED AFTER FAMOUS OPERAS,"CARMEN, FAUST, NORMA, TOSCA",COMPONENT PARTS OF A COMMERCIAL DRAFT BEER TAP,"BONNET, COLLAR, LEVER, SPOUT",CONTINENTAL EUROPEAN UNAGED FRUIT EAUX-DE-VIE,"FRAMBOISE, HIMBEERGEIST, MARILLENBRAND, QUETSCH"
2026-11-15,THEATRICAL COCKTAILS SERVED WITH AN OPEN FLAME,"CAFE BRULOT, FLAMING DR. PEPPER, SPANISH COFFEE, VOLCANO",SIGNATURE LIPIDS USED IN PIONEERING FAT-WASHING,"BACON, BROWN BUTTER, COCONUT OIL, DUCK FAT",COMMERCIAL BAR KNIFE CUTTING BLADE EDGES,"CURVED, FLUTED, SERRATED, STRAIGHT",VARIATIONS EXTENDING THE ORIGINAL SCREWDRIVER,"COMFORTABLE SCREW, CUBAN SCREW, MEXICAN SCREW, SLOW SCREW"
2026-11-16,COCKTAILS NAMED AFTER CELEBRATED WAR GENERALS,"BLUCHER, GENERAL HARRISON, LAFAYETTE, PERSHING",CLASSIC COCKTAILS HIGHLIGHTING CREME DE VIOLETTE,"BLUE TRAIN, EAGLE'S DREAM, MOONLIGHT, PURPLE HAZE",PHYSICOCHEMICAL STAGES OF SPIRIT MATURATION,"ADDITION, CONVERSION, DEGRADATION, SUBTRACTION",TRADITIONAL GERMAN BITTERSWEET KRAUTERLIKORE,"JAGERMEISTER, KILLEPITSCH, KUEMMERLING, SCHIERKER"
2026-11-17,PROFESSIONAL BARTENDER CALLS FOR SERVICE ERRORS,"DEAD DRINK, DRY DOCK, FOUL POUR, SHORT SHAKE",TRADITIONAL VERNACULAR NAMES FOR SUGARCANE SPIRITS,"AGUARDIENTE, BATAVIA ARRACK, GUILDIVE, SECCO",HISTORIC COMMUNAL PUNCHES DOCUMENTED BY WONDRICH,"CHATHAM ARTILLERY, FISH HOUSE, OXFORD, REGENT'S",PHYSICAL ATTRIBUTES GOVERNING ICE DILUTION RATE,"DENSITY, POROSITY, SPECIFIC HEAT, SURFACE AREA"
2026-11-18,STATUTORY CRITERIA FOR US STRAIGHT RYE WHISKEY,"CHARRED NEW OAK, FIFTY-ONE PERCENT RYE, MAXIMUM ONE-SIXTY, TWO YEARS MATURATION",KAPPELER 1895 CLASSICS NAMED FOR RACETRACKS,"AQUEDUCT, LATONIA, MONMOUTH, SHEEPSHEAD BAY",PRIMARY MONOTERPENES IDENTIFIED IN GIN BOTANICALS,"BORNEOL, CAMPHENE, LIMONENE, PINENE",NUMBERED DAIQUIRI CREATIONS BY CONSTANTE RIBALAIGUA,"DAIQUIRI NO. 1, DAIQUIRI NO. 2, DAIQUIRI NO. 3, DAIQUIRI NO. 4"
2026-11-19,VOLATILE CARBOXYLIC ESTERS IN HIGH-ESTER RUM,"ETHYL ACETATE, ETHYL BUTYRATE, ETHYL LACTATE, ISOAMYL ACETATE",PHYSICAL PRINCIPLES OF ISI NITROUS RAPID INFUSION,"CAVITATION JETS, GAS DISSOLUTION, MATRIX DEPRESSURIZATION, TISSUE PENETRATION",PRE-PROHIBITION COCKTAILS NAMED FOR IVY COLLEGES,"COLUMBIA, HARVARD, PRINCETON, YALE",HYDROCOLLOIDS EMPLOYED IN MODERNIST MIXOLOGY,"ACACIA GUM, AGAR-AGAR, METHYLCELLULOSE, SODIUM ALGINATE"
2026-11-20,NON-CITRUS JUICES STAGED IN BAR WELLS,"CRANBERRY, PINEAPPLE, POMEGRANATE, TOMATO",CANONICAL TEQUILA-FORWARD COCKTAILS,"BATANGA, MEXICAN FIRING SQUAD, PALOMA, SIESTA",ESSENTIAL CLEANING CLOTHS ON A BAR STATION,"BAR MOP, HUCK TOWEL, MICROFIBER, POLISHING CLOTH",COCKTAILS DEFINED BY NUT LIQUEURS OR ORGEAT,"ALABAMA SLAMMER, ARMY & NAVY, NUTTY IRISHMAN, TOASTED ALMOND"
2026-11-21,NOSTALGIC NINETIES PARTY SHOOTERS,"DUCK FART, RED-HEADED SLUT, SURFER ON ACID, WASHINGTON APPLE",RETRO DISPOSABLE DRINK PRESENTATION ACCENTS,"COASTER, PAPER STRAW, PLASTIC SWORD, TIKI PICK",CULINARY HERBS INFUSED IN CONTEMPORARY SPIRITS,"CHERVIL, DILL, LEMON BALM, TARRAGON",HISTORIC COCKTAILS NAMED FOR EUROPEAN CITIES,"AMSTERDAM, COPENHAGEN, PARISIAN, VIENNA"
2026-11-22,MODERN CLASSICS BORN AT DEATH & CO NYC,"CONFERENCE, ELDER FASHIONED, JOY DIVISION, OAXACA OLD FASHIONED",COCKTAILS CONTAINING 'BELL' IN THE NAME,"DIVISION BELL, LIBERTY BELL, SILVER BELL, SOUTHERN BELL",ANCESTRAL PROCESSING TOOLS IN MEZCAL MAKING,"BAGAZO, CANOA, HORNO, TAHONA",HISTORIC CLASSICS SHOWCASING SLOE GIN,"MILLIONAIRE NO. 1, SAN SEBASTIAN, SLOE GIN FIZZ, WIDOW'S DREAM"
2026-11-23,HISTORIC COCKTAILS NAMED FOR ROYAL NAVY SHIPS,"BEAGLE, DREADNOUGHT, VICTORY, WARSPITE",CLASSIC COCKTAILS NAMED FOR HUNTING DOGS,"AIREDALE, BULLDOG, FOXHOUND, POINTER",COMPONENTS OF COMMERCIAL FROZEN SLUSH MACHINES,"AUGER, CYLINDER, HOPPER, SPIGOT",TRADITIONAL AUSTRO-BAVARIAN ALPINE SPIRITS,"BLUTWURZ, GURKTALER, ROSSBACHER, STEINHAGER"
2026-11-24,COCKTAILS IN THE LITERATURE OF HEMINGWAY,"GREEN ISAAC'S SPECIAL, JOSITO, MONTGOMERY, PAPA DOBLE",ALPINE AND CLASSIC DRINKS HIGHLIGHTING CHARTREUSE,"GREEN FAIRY, MONTE CASSINO, SWAMP ANGEL, VERTE CHAUD",BIOPHYSICAL SENSORY DYNAMICS IN SPIRITS NOSING,"HYDROPHOBIC RELEASE, TRIGEMINAL EFFECT, VAPOR EVAPORATION, VOLATILITY BURST",BITTERSWEET APERITIFS DEFINED BY GENTIAN,"DANDY, ENZIAN, SUZE & TONIC, WHITE NEGRONI"
2026-11-25,INDIGENOUS SOUTH AMERICAN AGING HARDWOODS,"ALGARROBO, LAUREL, RADAL, RAULI",COCKTAILS NAMED FOR HISTORIC COMBAT AIRCRAFT,"FLYING FORTRESS, MUSTANG, SPITFIRE, WARHAWK",TRADEMARK CUBE CUTS FROM COMMERCIAL ICE MAKERS,"CRESCENT, GOURMET, OCTAGON, RHOMBOID",CRAFT COCKTAILS FEATURING SMOKED LAPSANG TEA,"CAMPFIRE SOUR, CHINESE HIGHBALL, LAPSANG OLD FASHIONED, SMOKY ROB ROY"
2026-11-26,AOC RULES FOR CALVADOS PAYS D'AUGE,"ALAMBIC A REPASSE, DOMFRONTAIS PROHIBITION, PERRY PERCENTAGE CAP, SPONTANEOUS CIDER YEAST",CANONICAL RECIPES IN VERMEIRE'S 1922 MANUAL,"GOLF COCKTAIL, GREEN ROOM, LOVERS' DELIGHT, SIX MILE BOTTOM",THE FOUR MANDATORY CUT FRACTIONS IN DISTILLING,"FORESHOTS, HEADS, HEARTS, TAILS",COCKTAILS WHERE ABSINTHE IS THE HERO BASE,"ABSINTHE COCKTAIL, ABSINTHE DRIP, ABSINTHE FRAPPE, GREEN BEAST"
2026-11-27,BITTERING ALPHA AND BETA ACIDS FROM HOPS,"COHUMULONE, COLUPULONE, HUMULONE, LUPULONE",HISTORIC COCKTAILS BORN AT RITZ HOTELS,"INCA, RITZ FIZZ, SERENDIPITY, SO FAR SO GOOD",WATER GEOCHEMISTRY METRICS IN CRAFT DISTILLING,"ALKALINITY, CARBONATE HARDNESS, PERMANENT HARDNESS, TOTAL DISSOLVED SOLIDS",1905 HOFFMAN HOUSE SALOON CLASSICS,"BROADWAY SOUR, HOFFMAN HOUSE, METROPOLITAN CLUB, TENDERLOIN"
2026-11-28,SPEED POURER HARDWARE COMPONENTS,"AIR BREATHER, COLLAR, RUBBER CORK, TAPERED SPOUT",BLENDER MOTOR CONTROL SWITCHES,"CRUSH, HIGH, LOW, PULSE",HIGHBALL COCKTAILS NAMED FOR MOUNTAINS,"FUJI COCKTAIL, KILIMANJARO, MATTERHORN, MOUNT HOOD",NATURAL FLORAL WATER EXTRACTS,"JASMINE WATER, LAVENDER MIST, ORANGE BLOSSOM, ROSE WATER"
2026-11-29,COCKTAIL GLASSWARE DEFINED BY HEAVY BASES,"DOUBLE OLD FASHIONED, LOWBALL, ROCKS GLASS, TUMBLER",BOTANICALS CHARACTERISTIC OF PINK GIN,"ANGELICA, BITTERS BARK, CHERRY BARK, RHUBARB ROOT",TIKI COCKTAIL GARNISH FLOURISHES,"FLAMING CROUTON, PAPER PARASOL, PINEAPPLE LEAF, SWIZZLE STICK",PROMINENT APERITIVO SPRITZ MODIFIERS,"CAMPARI, CYNAR, SELECT, VENETIAN APERITIVO"
2026-11-30,CLASSIC COCKTAILS NAMED FOR RACETRACKS,"ASCOT, BELMONT, CHURCHILL, SARATOGA",RUM MARKS AND GRADES IN TRADITIONAL BLENDING,"COMMON CLEAN, CONTINENTAL FLAVOUR, LIGHT POT, WEDDERBURN",CITRUS PREPARATION CUTTING BLADES,"BAR KNIFE, CHANNEL CUTTER, CITRUS PEELER, ZEST BLADE",INGREDIENTS IN A CLASSIC PISCO PUNCH,"DISTILLED WATER, GUM SYRUP, LEMON JUICE, PISCO"
2026-12-01,HISTORIC COCKTAILS WITH 'ROYAL' IN THE TITLE,"CASINO ROYAL, CORPSE REVIVER ROYAL, GIN FIZZ ROYAL, KIR ROYAL",SOUR-STYLE COCKTAILS CREATED DURING AMERICAN PROHIBITION,"BEE'S KNEES, SCOFFLAW, SOUTHSIDE, TWELVE MILE LIMIT",COMMON REFRIGERATION UNITS ON A COCKTAIL STATION,"BACKBAR COOLER, BOTTLE CHILLER, ICE WELL, SPEED WELL",ACID ADJUSTMENT CHEMICAL SALTS,"CITRIC POWDER, MALIC CRYSTALS, SALINE SOLUTION, TARTARIC FLAKES"
2026-12-02,HISTORIC ANISE-FLAVORED BITTERS AND RINSES,"ABSINTHE, ANISAL, HERBSAINT, PASTIS",CANONICAL TWO-INGREDIENT DUO COCKTAILS,"BLACK RUSSIAN, GODFATHER, GODMOTHER, RUSTY NAIL",SCIENTIFIC COLLOIDAL SUSPENSION MEASUREMENTS,"BRIX SCALE, TURBIDITY, VISCOSITY, WATER ACTIVITY",ICONIC 1930S CELEBRITY HOMAGE COCKTAILS,"CHARLIE CHAPLIN, DOUGLAS FAIRBANKS, MARY PICKFORD, WILL ROGERS"
2026-12-03,INGREDIENTS IN A CLASSIC SAZERAC,"ABSINTHE RINSE, PEYCHAUD'S BITTERS, RYE WHISKEY, SUGAR CUBE",MONASTIC HERBAL TONIC CORDIALS,"BENEDICTINE, CHARTREUSE, CHERMIGNON, TRAPPISTINE",CRITICAL PHASES OF PROFESSIONAL JIGGERING,"CLEAN STOP, EYE LEVEL, FULL MENISCUS, SPEED CUT",VOLATILE ALCOHOLS PRODUCING SPIRIT HEADACHES,"AMYL ALCOHOL, BUTANOL, ISOPROPANOL, PROPANOL"
2026-12-04,STATUTORY CATEGORIES OF SCOTCH WHISKY UNDER 2009 REGULATIONS,"BLENDED GRAIN, BLENDED MALT, SINGLE GRAIN, SINGLE MALT",HISTORIC 19TH CENTURY COMMODORE COCKTAIL FORMULAS,"COMMODORE NO. 1, COMMODORE NO. 2, COMMODORE NO. 3, COMMODORE NO. 4",GAS PRESSURES AND EQUATIONS IN COCKTAIL FORCE CARBONATION,"DALTON'S LAW, HEADSPACE PSI, HENRY'S CONSTANT, VOLUMES OF CO2",TRADITIONAL CARAWAY LIQUEURS OF THE BALTIC,"ALLASCH, GILKA, KUMMEL, MENTZENDORFF"
2026-12-05,ENZYMATIC AND FINING CLARIFIERS IN COCKTAIL LABS,"AGAR AGAR, CHITOSAN, KIESELSOL, PECTINEX ULTRA SPL",SAVOY COCKTAILS NAMED AFTER GEOGRAPHIC SEAS,"ADRIATIC, BALTIC, CARIBBEAN, MEDITERRANEAN",POT STILL CONDENSER TUBE CONFIGURATIONS,"LYNE ARM, SHELL AND TUBE, SWAN NECK, WORM TUB",BOTANICAL HERBS REQUIRED IN AUTHENTIC PASTIS DE MARSEILLE,"BADIANE, CHERVIL, GREEN ANISE, LICORICE ROOT"
2026-12-06,PRIMARY TYPES OF CITRUS SQUEEZERS,"CITRUS ELBOW, ELECTRIC CONE, HAND REAMER, LEVER PRESS",ESSENTIAL PRE-PROHIBITION CRUSTA COCKTAIL ELEMENTS,"BRANDY BASE, LEMON JUICE, MARASCHINO, SUGAR RIM",COMMON NON-ALCOHOLIC BAR CORDIALS,"GRENADINE, LIME CORDIAL, ORGEAT SYRUP, PASSION FRUIT",CLASSIC SOUR COCKTAILS CENTERING ON RUM,"DAIQUIRI, EL FLORIDITA, MOJITO, PLANTER'S SOUR"
2026-12-07,BOTANICAL HERBS COMMONLY INFUSED IN HOUSE SYRUPS,"BASIL, MINT, ROSEMARY, THYME",GLASSWARE RIM COATING AGENTS,"CELERY SALT, CHILI TAJIN, CRUSHED SUGAR, SEA SALT",CLASSIC HIGHBALL COCKTAILS LENGTHENED WITH GINGER BEER,"DARK 'N STORMY, MOSCOW MULE, MULE DE PARIS, LONDON BUCK",COMMON TYPES OF BAR ICE CRUSHERS,"CAST IRON CRUSHER, ELECTRIC ICE SHAVER, HAND CRANK MILL, LEWIS MALLET"
2026-12-08,CANONICAL FRENCH 75 VARIATIONS BY BASE SPIRIT,"FRENCH 75, FRENCH 76, FRENCH 95, FRENCH HARVEST",TRADITIONAL WOOD TYPES USED IN COOPERAGE,"AMERICAN WHITE OAK, FRENCH LIMOUSIN, HUNGARIAN OAK, SPANISH OAK",SPECIALIZED TEXTURIZING FOAM COLLARS,"AQUAFABA HEAD, EGG WHITE FOAM, NITROGEN FOAM, XANTHAN EMULSION",HISTORIC COCKTAILS WITH 'DEVIL' IN THE NAME,"DEVIL'S CANDY, EL DIABLO, GREEN DEVIL, RED DEVIL"
2026-12-09,COCKTAILS NAMED AFTER NEW YORK STREETS OR PARKS,"BOWERY, CENTRAL PARK, PARK AVENUE, WALL STREET",STIRRED PRE-PROHIBITION COCKTAILS BUILT ON RYE,"MANHATTAN, RED HOOK, SAZERAC, TIPPERARY",ESSENTIAL ANATOMICAL PARTS OF A THREE-PIECE SHAKER,"BUILT-IN STRAINER, CAP, CUP BASE, TAPERED TOP",HERBAL LIQUEURS CENTERED ON WILD ARTICHOKE OR GENTIAN,"AVEZE, CYNAR, SALERS, SUZE"
2026-12-10,INGREDIENTS IN A CORPSE REVIVER NO. 2,"ABSINTHE DASH, COINTREAU, GIN, LILLET BLANC",CENTRIFUGAL AND ROTARY LAB SEPARATION PROCESSES,"COLD DISTILLATE, PECTIN FREE JUICE, PHASE SEPARATION, SUPERNATANT",SENSORY TONGUE PAPILLAE AND CHEMESTHESIS TRIGGERS,"ASTRINGENCY, ETHANOL WARMTH, SALIVARY FLOW, VISCOUS DRAG",CLASSIC SOUR COCKTAILS RECORDED IN HUGO ENSSLIN 1916,"APPLE JACK SOUR, AVIATION, BLUE MOON, DERBY COCKTAIL"
2026-12-11,BOTANICAL AMARI CLASSIFIED BY REGIONAL TERROIR,"AMARO BRAULIO, AMARO LUCANO, AMARO MONTENEGRO, AMARO NONINO",RUM CASKS IN SOLERA MATURATION SYSTEMS,"ANADA, BASE ROW, CRIADERA, SOLERA TIER",TRADITIONAL SALOON MORNING BRACERS,"AMBER GLOW, CORPSE REVIVER, EYE OPENER, PICK ME UP",METHODS OF PRE-DILUTION IN DRAFT COCKTAIL KEGGING,"CALCULATED WATER, COLD CRASHING, FORCE INJECTION, PROOF ADJUSTMENT"
2026-12-12,SPECIFIC BOTANICAL ROOTS IN DIGESTIVE FORMULATION,"CALAMUS ROOT, GENTIAN ROOT, ORRIS ROOT, RHATANY ROOT",PRIMARY CONGENERS AND ESTERS IN JAMAICAN POT STILL RUM,"ETHYL BUTYRATE, ETHYL FORMATE, ISOAMYL ALCOHOL, PROPIONIC ACID",HISTORIC COCKTAILS DOCUMENTED IN HARRY JOHNSON 1882,"BIJOU COCKTAIL, CHRYSANTHEMUM, METROPOLITAN, MORNING COCKTAIL",THERMODYNAMIC CHILLING EQUILIBRIUM PARAMETERS,"LATENT HEAT OF FUSION, MELT RATE, THERMAL MASS, WATER EQUIVALENCE"
2026-12-13,STATUTORY CRITERIA FOR TEQUILA NOM-006-SCFI-2012,"AGAVE TEQUILANA WEBER, BLANCO 0 TO 2 MONTHS, REPOSADO MIN 2 MONTHS, ANEJO MIN 1 YEAR",HISTORIC APERITIVO SPRITZ PRECURSORS,"BICICLETTA, MI-TO, NEGRONI SBAGLIATO, PIRLO",ORGANIC COMPOUNDS IMPARTING CORK TAINT AND DEFECTS,"GEOSMIN, GUAIACOL, METHOXYPYRAZINE, TRICHLOROANISOLE",PIONEERING POST-WAR MODERN CLASSICS BY DICK BRADSELL,"BRAMBLE, ESPRESSO MARTINI, RUSSIAN SPRING PUNCH, TREACLE"
2026-12-14,CITRUS GARNISH PREPARATIONS BEHIND THE BAR,"EXPRESSED PEEL, FLAMED ORANGE, LEMON WHEEL, LIME WEDGE",CLASSIC COCKTAILS WITH COFFEE LIQUEURS,"B-52, BLACK RUSSIAN, ESPRESSO MARTINI, WHITE RUSSIAN",ICE SIZES EMPLOYED IN CRAFT COCKTAILS,"CRACKED ICE, CRUSHED ICE, LARGE FORMAT CUBE, PEBBLE ICE",SOUR COCKTAILS USING FRESH BERRIES,"BLACKBERRY BRAMBLE, BLUEBERRY COLLINS, RASPBERRY SOUR, STRAWBERRY DAIQUIRI"
2026-12-15,BAR STATION MISE EN PLACE ESSENTIALS,"BAR TOWEL, BITTERS CADDY, GARNISH TRAY, SPEED RACK",CLASSIC COCKTAIL STRAINER HARDWARE,"CHINOIS SIEVE, FINE MESH CONE, HAWTHORNE STRAINER, JULEP STRAINER",HIGHBALL LENGTHENERS DISPENSED ON GUNS,"CLUB SODA, COLA MIX, DIET SODA, TONIC WATER",HISTORIC SOUR DRINKS CENTERING ON BRANDY,"BETWEEN THE SHEETS, BRANDY CRUSTA, METROPOLITAN, SIDECAR"
2026-12-16,COCKTAILS NAMED AFTER CLASSIC TRAINS,"FLYING SCOTSMAN, ORIENT EXPRESS, SILVER BULLET, TWENTIETH CENTURY",BOTANICALS ESSENTIAL TO LONDON DRY GIN,"ANGELICA ROOT, CORIANDER SEED, JUNIPER BERRY, ORRIS ROOT",TRADITIONAL CRUSHED ICE TIKI COCKTAILS,"MAI TAI, SCORPION BOWL, THREE DOTS AND A DASH, ZOMBIE",PROFESSIONAL POURING MOTIONS IN BARTENDING,"CUTTING THE POUR, FREE POURING, JIGGER MEASURING, SPEED POURING"
2026-12-17,HISTORIC COCKTAILS FROM NEW ORLEANS,"BRANDY MILK PUNCH, HURRICANE, RAMOS GIN FIZZ, SAZERAC",TYPES OF SUGAR BASES IN CRAFT MIXOLOGY,"DEMERARA SUGAR, HONEY NECTAR, MUSCOVADO CANE, RICH SIMPLE",CANONICAL EQUAL-PARTS COCKTAIL FORMULAS,"BIJOU, CORPSE REVIVER NO. 2, LAST WORD, NEGRONI",COMMON GLASSWARE VOLUMETRIC SIZES,"COUPE 6 OUNCE, HIGHBALL 10 OUNCE, NICK AND NORA 5 OUNCE, SHOT 1.5 OUNCE"
2026-12-18,BITTERS FORMULATION BITTERING WOODS,"CASCARILLA BARK, CINCHONA BARK, QUASSIA WOOD, SASSAFRAS BARK",SCIENTIFIC ACIDIFICATION SALTS IN BARS,"CITRIC ACID, MALIC ACID, PHOSPHORIC ACID, TARTARIC ACID",CONTEMPORARY COCKTAIL CLARIFICATION AGENTS,"AGAR FREEZE THAW, CENTRIFUGE SPINTAL, GELATIN FINING, WHOLE MILK CURD",CANONICAL MODERN CLASSICS BY AUDREY SAUNDERS,"EARL GREY MARTEANI, FRENCH PEARL, GIN GIN MULE, OLD CUBAN"
2026-12-19,GEOGRAPHICALLY PROTECTED DISTILLED AGAVE SPIRITS,"BACANORA, MEZCAL, RAICILLA, TEQUILA",COCKTAILS WITH 'GOLD' OR 'SILVER' IN THE TITLE,"GOLD RUSH, GOLDEN CADILLAC, GOLDEN DREAM, SILVER FIZZ",TRADITIONAL CARIBBEAN SHRUB AND ACCENT CORDIALS,"FALERNUM, FASSIONOLA, PIMENTO DRAM, RED GRENADINE",HIGH-PRESSURE RAPID INFUSION PHENOMENA,"CAVITATION JETS, GAS DESORPTION, NITROUS PENETRATION, POROUS FLAVOR EXTRACTION"
2026-12-20,LEGAL REQUIREMENTS FOR US STRAIGHT BOURBON,"AGED TWO YEARS MINIMUM, CHARRED NEW OAK, DISTILLED UNDER 160 PROOF, FIFTY-ONE PERCENT CORN",SAVOY COCKTAIL BOOK APRICOT BRANDY FORMULAS,"CHARLIE CHAPLIN, MILLION DOLLAR COCKTAIL, PARADISE, VALENCIA",AROMATIC MONOTERPENES IN CITRUS OILS,"CITRAL, LIMONENE, LINALOOL, MYRCENE",DISTILLATION FRACTIONS COLLECTED IN POT STILLING,"FEINTS RUN, FORESHOTS, HEADS FRACTION, HEARTS CUT"
2026-12-21,MANDATORY AOC RULES FOR COGNAC DISTILLATION,"CHARENTAIS COPPER POT STILL, COMPLETED BY MARCH 31, DOUBLE DISTILLATION, MINIMUM 90 PERCENT UGNI BLANC",NUMBERED HISTORIC DAIQUIRI SEQUENCES FROM HAVANA,"DAIQUIRI NO. 1 NATURAL, DAIQUIRI NO. 2 FROZEN, DAIQUIRI NO. 3 HEMINGWAY, DAIQUIRI NO. 4 FLORIDITA",SENSORY VOLATILE PHENOLS IN PEATED MALT,"CRESOL, EUGENOL, GUAIACOL, SYRINGOL",HISTORIC COCKTAIL BOOKS DOCUMENTING CANONICAL DRINKS,"CRADDOCK 1930, EMBURY 1948, JOHNSON 1882, THOMAS 1862"
2026-12-22,FRESH CITRUS JUICES CENTRAL TO BAR WORK,"GRAPEFRUIT JUICE, LEMON JUICE, LIME JUICE, ORANGE JUICE",ESSENTIAL SERVICE ACCESSORIES ON GUEST TABLES,"BAR COASTER, BEVERAGE NAPKIN, DRINK MENUS, WATER GLASS",CLASSIC COCKTAILS GARNISHED WITH AN OLIVE,"DIRTY MARTINI, DRY MARTINI, GIBSON ONION, PERFECT MARTINI",TRADITIONAL SWEET CORDIALS AND SYRUPS,"ALMOND ORGEAT, CANE GOMME, DEMERARA SYRUP, SPICED GRENADINE"
2026-12-23,POPULAR 1980S DISCO ERA SOURS,"BLUE HAWAIIAN, HARVEY WALLBANGER, MIDORI SOUR, TEQUILA SUNRISE",GLASSWARE STEM TYPES ON A BACKBAR,"BALLOON GLASS, COUPE STEM, FLUTE STEM, NICK AND NORA STEM",BOTTLE ATTACHMENTS AND HARDWARE ON WELLS,"CHURCHKEY OPENER, POUR SPOUT, WINE CORKSCREW, WIRE CAPPER",COCKTAILS WITH NAMES DERIVED FROM COLORS,"BLUE LAGOON, GOLD RUSH, PINK LADY, WHITE LADY"
2026-12-24,WARM AND STEAMING HOLIDAY COCKTAILS,"GLOGG, HOT BUTTERED RUM, HOT TODDY, WASSAIL",AROMATIC BAKING SPICES IN MULLED CIDER,"ALLSPICE BERRY, CINNAMON STICK, GRATED NUTMEG, WHOLE CLOVE",HISTORIC EGG AND BATTER WINTER DRINKS,"BRANDY EGG NOG, POSSET, TOM AND JERRY, WINTER FLIP",MINTY OR HERBAL WINTER COCKTAILS,"PEPPERMINT SCHNAPPS, POLAR BEAR COCKTAIL, SNOWSHOE, STINGER"
2026-12-25,CANONICAL CREME-BASED DESSERT DIGESTIFS,"ALEXANDER, BRANDY ALEXANDER, GOLDEN CADILLAC, GRASSHOPPER",INGREDIENTS IN A TRADITIONAL ENGLISH MILK PUNCH,"BLACK TEA, BRANDY AND RUM, FRESH LEMON JUICE, WHOLE MILK CURD",LUXURY INGREDIENTS ACCENTING CELEBRATION DRINKS,"BLACK TRUFFLE, CAVIAR BUMP, GOLD LEAF, SAFFRON STRAND",HISTORIC WINTER SLIPPER AND FLIP COCKTAILS,"GOLDEN SLIPPER, PORTO FLIP, ROYAL FLIP, SHERRY FLIP"
2026-12-26,BOTANICAL AMARI FROM NORTHERN ITALY,"AMARO AMARA, AMARO BRAULIO, AMARO MONTENEGRO, FERNET BRANCA",CRAFT JIGGER STYLES USED BEHIND THE BAR,"BELL JIGGER, JAPANESE JIGGER, STEPPED JIGGER, THIMBLE MEASURE",COCKTAILS NAMED AFTER FAMOUS DOG BREEDS,"AIREDALE TERRIER, BULLDOG SOUR, FOXHOUND, GREYHOUND",SPEED RACK BASE SPIRITS IN COMMERCIAL BARS,"BLENDED SCOTCH, BOURBON WHISKEY, LONDON GIN, SILVER TEQUILA"
2026-12-27,CLASSIC COCKTAILS EXTENDING THE SOUR BLUEPRINT,"DAIQUIRI, MARGARITA, PISCO SOUR, SIDE-CAR",UNAGED BOTANICAL SPIRITS OF EUROPE,"AQUAVIT, GENEVER, POITIN, TSIPOURO",CITRUS PEEL GARNISH EXPRESSIONS,"EXPRESSED DISC, FLAMED COIN, LONG SPIRAL, ZEST TWIST",BAR EQUIPMENT FABRICATED IN STAINLESS STEEL,"BAR SPOON, BOSTON TIN, JAW STRAINER, SPEED POURER"
2026-12-28,MONASTIC AND CONVENTUAL HERBAL ELIXIRS,"BENEDICTINE LIQUEUR, CARMELITE WATER, CHARTREUSE VERTE, TRAPPISTINE",HISTORIC COCKTAILS FROM HUGO ENSSLIN 1916,"AVIATION, BLUE MOON, DERBY SOUR, POLO COCKTAIL",CONTEMPORARY TECHNIQUES FOR FAT WASHING,"BROWN BUTTER BOURBON, DUCK FAT RYE, OLIVE OIL GIN, SESAME VODKA",TYPES OF CHEMICAL RESINS IN BITTERING APERITIFS,"ANETHOLE, CARNOSIC ACID, GENTIOPICROSIDE, QUININE HYDROCHLORIDE"
2026-12-29,GEOGRAPHIC GI CRITERIA FOR FRENCH CALVADOS,"AOC CALVADOS, AOC DOMFRONTAIS, AOC PAYS D'AUGE, EAU DE VIE DE CIDRE",SIGNATURE COCKTAILS INVENTED AT MILK AND HONEY,"GOLD RUSH, MAID IN CUBA, PAPER PLANE, PENICILLIN",CRYOGENIC AGITATION AND TEMPERATURE TECHNIQUES,"DRY ICE CHILLING, FROZEN GLASS STAGING, LIQUID NITROGEN MUDDLE, SUB ZERO DILUTION",SAVOY COCKTAILS WITH ANIMAL NAMES,"BEE'S KNEES, MONKEY GLAND, PINK SQUIRREL, YELLOW BIRD"
2026-12-30,CHEMICAL OFF-FLAVORS IN DISTILLED SPIRITS,"ACETALDEHYDE, DIACETYL, DIMETHYL SULFIDE, TRICHLOROANISOLE",HISTORIC COCKTAIL INVENTORS OF CANONICAL DRINKS,"ADA COLEMAN, CONSTANTE RIBALAIGUA, HARRY CRADDOCK, JERRY THOMAS",MANDATORY LEGAL CRITERIA FOR LONDON DRY GIN,"MAXIMUM 0.1 G/L SUGAR, MINIMUM 37.5 PERCENT ABV, NEUTRAL GRAIN ALCOHOL, REDISTILLED IN TRADITIONAL STILLS",AROMATIC HYDROCARBONS IN PEATED MALT WHISKY,"CRESOL VOLATILE, GUAIACOL SMOKE, ISOVALERIC ACID, PHENOL PARTS PER MILLION"
2026-12-31,CANONICAL CHAMPAGNE-TOPPED COCKTAILS,"AIRMAIL, DEATH IN THE AFTERNOON, FRENCH 75, OLD CUBAN",HISTORIC COCKTAILS CENTERING ON APERITIF WINES,"ADONIS, BAMBOO, CORONATION, DIPLOMAT",SENSORY PHYSICS BEHIND COCKTAIL FOAM AND EFFERVESCENCE,"HENRY'S DISSOLUTION, NUCLEATION SITES, SURFACE TENSION, SURFACTANT VISCOSITY",CELEBRATION MIDNIGHT TOAST TRADITIONS IN BARS,"CHAMPAGNE TOWER, MAGNUM SERVICE, SABERED BOTTLE, VINTAGE FLUTE"